--------------------------------------------------------
--  File created - Wednesday-March-21-2018   
--------------------------------------------------------
DROP TABLE "MAD303P4"."CATEGORY" cascade constraints;
DROP TABLE "MAD303P4"."HOUSE" cascade constraints;
DROP TABLE "MAD303P4"."POST_ADD" cascade constraints;
DROP TABLE "MAD303P4"."REPORT_ADD" cascade constraints;
DROP TABLE "MAD303P4"."REVIEW_ADD" cascade constraints;
DROP TABLE "MAD303P4"."SHARE_ADD" cascade constraints;
DROP TABLE "MAD303P4"."USERS" cascade constraints;
DROP SEQUENCE "MAD303P4"."USER_SEQ";
--------------------------------------------------------
--  DDL for Sequence USER_SEQ
--------------------------------------------------------

   CREATE SEQUENCE  "MAD303P4"."USER_SEQ"  MINVALUE 1 MAXVALUE 999999999999999999999999999 INCREMENT BY 1 START WITH 31 CACHE 20 NOORDER  NOCYCLE ;
--------------------------------------------------------
--  DDL for Table CATEGORY
--------------------------------------------------------

  CREATE TABLE "MAD303P4"."CATEGORY" 
   (	"CATEGORYID" NUMBER(*,0), 
	"CATEGORY_NAME" VARCHAR2(20 BYTE), 
	"DESCRIPTION" VARCHAR2(200 BYTE), 
	"LOCALITY" VARCHAR2(20 BYTE)
   ) PCTFREE 10 PCTUSED 40 INITRANS 1 MAXTRANS 255 NOCOMPRESS LOGGING
  STORAGE(INITIAL 65536 NEXT 1048576 MINEXTENTS 1 MAXEXTENTS 2147483645
  PCTINCREASE 0 FREELISTS 1 FREELIST GROUPS 1 BUFFER_POOL DEFAULT)
  TABLESPACE "USERS" ;
--------------------------------------------------------
--  DDL for Table HOUSE
--------------------------------------------------------

  CREATE TABLE "MAD303P4"."HOUSE" 
   (	"HOUSEID" NUMBER(*,0), 
	"CATEGORYID" NUMBER(*,0), 
	"HOUSENO" NUMBER(*,0), 
	"STREETNO" NUMBER(*,0), 
	"STREETNAME" VARCHAR2(20 BYTE), 
	"PROVINCE" VARCHAR2(20 BYTE), 
	"ZIPCODE" NUMBER(*,0), 
	"PETS" VARCHAR2(10 BYTE) DEFAULT 'no', 
	"SMOKING" VARCHAR2(10 BYTE) DEFAULT 'no', 
	"PARKING" VARCHAR2(10 BYTE) DEFAULT 'no', 
	"UTILITIES" VARCHAR2(10 BYTE) DEFAULT 'yes', 
	"FURNISHED" VARCHAR2(10 BYTE) DEFAULT 'yes', 
	"IMAGE" VARCHAR2(255 BYTE)
   ) PCTFREE 10 PCTUSED 40 INITRANS 1 MAXTRANS 255 NOCOMPRESS LOGGING
  STORAGE(INITIAL 65536 NEXT 1048576 MINEXTENTS 1 MAXEXTENTS 2147483645
  PCTINCREASE 0 FREELISTS 1 FREELIST GROUPS 1 BUFFER_POOL DEFAULT)
  TABLESPACE "USERS" ;
--------------------------------------------------------
--  DDL for Table POST_ADD
--------------------------------------------------------

  CREATE TABLE "MAD303P4"."POST_ADD" 
   (	"POSTID" NUMBER(*,0), 
	"USERID" NUMBER(*,0), 
	"HOUSEID" NUMBER(*,0), 
	"AVAILABILITY" VARCHAR2(20 BYTE), 
	"PRICE" NUMBER(6,2) DEFAULT 0, 
	"LOCATION" VARCHAR2(20 BYTE), 
	"DESCRIPTION" VARCHAR2(200 BYTE)
   ) PCTFREE 10 PCTUSED 40 INITRANS 1 MAXTRANS 255 NOCOMPRESS LOGGING
  STORAGE(INITIAL 65536 NEXT 1048576 MINEXTENTS 1 MAXEXTENTS 2147483645
  PCTINCREASE 0 FREELISTS 1 FREELIST GROUPS 1 BUFFER_POOL DEFAULT)
  TABLESPACE "USERS" ;
--------------------------------------------------------
--  DDL for Table REPORT_ADD
--------------------------------------------------------

  CREATE TABLE "MAD303P4"."REPORT_ADD" 
   (	"POSTID" NUMBER(*,0), 
	"USERID" NUMBER(*,0), 
	"COMMENTS" VARCHAR2(20 BYTE), 
	"TIMESTAMP" TIMESTAMP (6)
   ) PCTFREE 10 PCTUSED 40 INITRANS 1 MAXTRANS 255 NOCOMPRESS LOGGING
  STORAGE(INITIAL 65536 NEXT 1048576 MINEXTENTS 1 MAXEXTENTS 2147483645
  PCTINCREASE 0 FREELISTS 1 FREELIST GROUPS 1 BUFFER_POOL DEFAULT)
  TABLESPACE "USERS" ;
--------------------------------------------------------
--  DDL for Table REVIEW_ADD
--------------------------------------------------------

  CREATE TABLE "MAD303P4"."REVIEW_ADD" 
   (	"POSTID" NUMBER(*,0), 
	"USERID" NUMBER(*,0), 
	"RATINGS" NUMBER(*,0), 
	"COMMENTS" VARCHAR2(20 BYTE), 
	"TIMESTAMP" TIMESTAMP (6)
   ) PCTFREE 10 PCTUSED 40 INITRANS 1 MAXTRANS 255 NOCOMPRESS LOGGING
  STORAGE(INITIAL 65536 NEXT 1048576 MINEXTENTS 1 MAXEXTENTS 2147483645
  PCTINCREASE 0 FREELISTS 1 FREELIST GROUPS 1 BUFFER_POOL DEFAULT)
  TABLESPACE "USERS" ;
--------------------------------------------------------
--  DDL for Table SHARE_ADD
--------------------------------------------------------

  CREATE TABLE "MAD303P4"."SHARE_ADD" 
   (	"POSTID" NUMBER(*,0), 
	"USERID" NUMBER(*,0), 
	"USERSID" NUMBER(*,0), 
	"RATINGS" NUMBER(*,0), 
	"TIMESTAMP" TIMESTAMP (6)
   ) PCTFREE 10 PCTUSED 40 INITRANS 1 MAXTRANS 255 NOCOMPRESS LOGGING
  STORAGE(INITIAL 65536 NEXT 1048576 MINEXTENTS 1 MAXEXTENTS 2147483645
  PCTINCREASE 0 FREELISTS 1 FREELIST GROUPS 1 BUFFER_POOL DEFAULT)
  TABLESPACE "USERS" ;
--------------------------------------------------------
--  DDL for Table USERS
--------------------------------------------------------

  CREATE TABLE "MAD303P4"."USERS" 
   (	"USERID" NUMBER(*,0), 
	"FNAME" VARCHAR2(20 BYTE), 
	"LNAME" VARCHAR2(20 BYTE), 
	"PHONENO" NUMBER(*,0), 
	"EMAILID" VARCHAR2(255 BYTE), 
	"PASSWORD" NUMBER(*,0), 
	"DOB" DATE
   ) PCTFREE 10 PCTUSED 40 INITRANS 1 MAXTRANS 255 NOCOMPRESS LOGGING
  STORAGE(INITIAL 65536 NEXT 1048576 MINEXTENTS 1 MAXEXTENTS 2147483645
  PCTINCREASE 0 FREELISTS 1 FREELIST GROUPS 1 BUFFER_POOL DEFAULT)
  TABLESPACE "USERS" ;
REM INSERTING into MAD303P4.CATEGORY
SET DEFINE OFF;
Insert into MAD303P4.CATEGORY (CATEGORYID,CATEGORY_NAME,DESCRIPTION,LOCALITY) values (101,'Apartment','a large building containing residential suites; an apartment building.','city of montreal');
Insert into MAD303P4.CATEGORY (CATEGORYID,CATEGORY_NAME,DESCRIPTION,LOCALITY) values (102,'condo','A condominium, usually shortened to condo, is a type of real estate divided into several units that are each separately owned, surrounded by common areas jointly owned.','laval/northsahre');
Insert into MAD303P4.CATEGORY (CATEGORYID,CATEGORY_NAME,DESCRIPTION,LOCALITY) values (103,'TownHouse','Beautiful house . The House are renovated with quality materials. Large  four bedrooms, very large living room and kitchen. good area','longuiel');
Insert into MAD303P4.CATEGORY (CATEGORYID,CATEGORY_NAME,DESCRIPTION,LOCALITY) values (104,'share room','Beautiful room for student we can share with another person','west island');
Insert into MAD303P4.CATEGORY (CATEGORYID,CATEGORY_NAME,DESCRIPTION,LOCALITY) values (105,'single room','Beautiful  for students ,single person','dorval');
REM INSERTING into MAD303P4.HOUSE
SET DEFINE OFF;
Insert into MAD303P4.HOUSE (HOUSEID,CATEGORYID,HOUSENO,STREETNO,STREETNAME,PROVINCE,ZIPCODE,PETS,SMOKING,PARKING,UTILITIES,FURNISHED,IMAGE) values (1001,101,11,12,'kettlefree crescent','montreal',12345,'no','no','yes','yes','no','myroombck.jpg');
Insert into MAD303P4.HOUSE (HOUSEID,CATEGORYID,HOUSENO,STREETNO,STREETNAME,PROVINCE,ZIPCODE,PETS,SMOKING,PARKING,UTILITIES,FURNISHED,IMAGE) values (1002,101,13,12,'kettlefree crescent','quebec',12345,'no','no','yes','yes','no','myroombck.jpg');
Insert into MAD303P4.HOUSE (HOUSEID,CATEGORYID,HOUSENO,STREETNO,STREETNAME,PROVINCE,ZIPCODE,PETS,SMOKING,PARKING,UTILITIES,FURNISHED,IMAGE) values (1003,101,13,16,'sherbrooke','quebec',1220,'no','no','no','yes','yes','myroombck.jpg');
Insert into MAD303P4.HOUSE (HOUSEID,CATEGORYID,HOUSENO,STREETNO,STREETNAME,PROVINCE,ZIPCODE,PETS,SMOKING,PARKING,UTILITIES,FURNISHED,IMAGE) values (1004,101,15,9,'jean talon','quebec',14213,'yes','yes','no','no','yes','myroombck.jpg');
Insert into MAD303P4.HOUSE (HOUSEID,CATEGORYID,HOUSENO,STREETNO,STREETNAME,PROVINCE,ZIPCODE,PETS,SMOKING,PARKING,UTILITIES,FURNISHED,IMAGE) values (1005,101,17,8,'bloom field','quebec',244213,'yes','yes','yes','yes','no','myroombck.jpg');
Insert into MAD303P4.HOUSE (HOUSEID,CATEGORYID,HOUSENO,STREETNO,STREETNAME,PROVINCE,ZIPCODE,PETS,SMOKING,PARKING,UTILITIES,FURNISHED,IMAGE) values (2001,102,501,18,'des sources','quebec',10245,'no','no','no','yes','no','myroombck.jpg');
Insert into MAD303P4.HOUSE (HOUSEID,CATEGORYID,HOUSENO,STREETNO,STREETNAME,PROVINCE,ZIPCODE,PETS,SMOKING,PARKING,UTILITIES,FURNISHED,IMAGE) values (2002,102,11,12,'kettlefree crescent','montreal',12345,'no','no','yes','yes','no','myroombck.jpg');
Insert into MAD303P4.HOUSE (HOUSEID,CATEGORYID,HOUSENO,STREETNO,STREETNAME,PROVINCE,ZIPCODE,PETS,SMOKING,PARKING,UTILITIES,FURNISHED,IMAGE) values (2003,102,13,12,'kettlefree crescent','montreal',12345,'no','no','yes','yes','no','myroombck.jpg');
Insert into MAD303P4.HOUSE (HOUSEID,CATEGORYID,HOUSENO,STREETNO,STREETNAME,PROVINCE,ZIPCODE,PETS,SMOKING,PARKING,UTILITIES,FURNISHED,IMAGE) values (2004,102,13,16,'sherbrooke','quebec',1220,'no','no','no','yes','yes','myroombck.jpg');
Insert into MAD303P4.HOUSE (HOUSEID,CATEGORYID,HOUSENO,STREETNO,STREETNAME,PROVINCE,ZIPCODE,PETS,SMOKING,PARKING,UTILITIES,FURNISHED,IMAGE) values (2005,102,15,9,'jean talon','quebec',14213,'yes','yes','no','no','yes','myroombck.jpg');
Insert into MAD303P4.HOUSE (HOUSEID,CATEGORYID,HOUSENO,STREETNO,STREETNAME,PROVINCE,ZIPCODE,PETS,SMOKING,PARKING,UTILITIES,FURNISHED,IMAGE) values (3001,103,11,12,'kettlefree crescent','toronto',12345,'no','no','yes','yes','no','myroombck.jpg');
Insert into MAD303P4.HOUSE (HOUSEID,CATEGORYID,HOUSENO,STREETNO,STREETNAME,PROVINCE,ZIPCODE,PETS,SMOKING,PARKING,UTILITIES,FURNISHED,IMAGE) values (3002,103,13,12,'kettlefree crescent','quebec',12345,'no','no','yes','yes','no','myroombck.jpg');
Insert into MAD303P4.HOUSE (HOUSEID,CATEGORYID,HOUSENO,STREETNO,STREETNAME,PROVINCE,ZIPCODE,PETS,SMOKING,PARKING,UTILITIES,FURNISHED,IMAGE) values (3003,103,13,16,'sherbrooke','quebec',1220,'no','no','no','yes','yes','myroombck.jpg');
Insert into MAD303P4.HOUSE (HOUSEID,CATEGORYID,HOUSENO,STREETNO,STREETNAME,PROVINCE,ZIPCODE,PETS,SMOKING,PARKING,UTILITIES,FURNISHED,IMAGE) values (3004,103,15,9,'jean talon','quebec',14213,'yes','yes','no','no','yes','myroombck.jpg');
Insert into MAD303P4.HOUSE (HOUSEID,CATEGORYID,HOUSENO,STREETNO,STREETNAME,PROVINCE,ZIPCODE,PETS,SMOKING,PARKING,UTILITIES,FURNISHED,IMAGE) values (3005,103,17,8,'bloom field','quebec',244213,'yes','yes','yes','yes','no','myroombck.jpg');
Insert into MAD303P4.HOUSE (HOUSEID,CATEGORYID,HOUSENO,STREETNO,STREETNAME,PROVINCE,ZIPCODE,PETS,SMOKING,PARKING,UTILITIES,FURNISHED,IMAGE) values (4001,104,11,12,'kettlefree crescent','montreal',12345,'no','no','yes','yes','no','myroombck.jpg');
Insert into MAD303P4.HOUSE (HOUSEID,CATEGORYID,HOUSENO,STREETNO,STREETNAME,PROVINCE,ZIPCODE,PETS,SMOKING,PARKING,UTILITIES,FURNISHED,IMAGE) values (4002,104,13,12,'kettlefree crescent','montreal',12345,'no','no','yes','yes','no','myroombck.jpg');
Insert into MAD303P4.HOUSE (HOUSEID,CATEGORYID,HOUSENO,STREETNO,STREETNAME,PROVINCE,ZIPCODE,PETS,SMOKING,PARKING,UTILITIES,FURNISHED,IMAGE) values (4003,104,13,16,'sherbrooke','montreal',1220,'no','no','no','yes','yes','myroombck.jpg');
Insert into MAD303P4.HOUSE (HOUSEID,CATEGORYID,HOUSENO,STREETNO,STREETNAME,PROVINCE,ZIPCODE,PETS,SMOKING,PARKING,UTILITIES,FURNISHED,IMAGE) values (4004,104,15,9,'jean talon','quebec',14213,'yes','yes','no','no','yes','myroombck.jpg');
Insert into MAD303P4.HOUSE (HOUSEID,CATEGORYID,HOUSENO,STREETNO,STREETNAME,PROVINCE,ZIPCODE,PETS,SMOKING,PARKING,UTILITIES,FURNISHED,IMAGE) values (4005,104,17,8,'bloom field','quebec',244213,'yes','yes','yes','yes','no','myroombck.jpg');
Insert into MAD303P4.HOUSE (HOUSEID,CATEGORYID,HOUSENO,STREETNO,STREETNAME,PROVINCE,ZIPCODE,PETS,SMOKING,PARKING,UTILITIES,FURNISHED,IMAGE) values (5001,105,11,12,'kettlefree crescent','quebec',12345,'no','no','yes','yes','no','myroombck.jpg');
Insert into MAD303P4.HOUSE (HOUSEID,CATEGORYID,HOUSENO,STREETNO,STREETNAME,PROVINCE,ZIPCODE,PETS,SMOKING,PARKING,UTILITIES,FURNISHED,IMAGE) values (5002,105,13,12,'kettlefree crescent','montreal',12345,'no','no','yes','yes','no','myroombck.jpg');
Insert into MAD303P4.HOUSE (HOUSEID,CATEGORYID,HOUSENO,STREETNO,STREETNAME,PROVINCE,ZIPCODE,PETS,SMOKING,PARKING,UTILITIES,FURNISHED,IMAGE) values (5003,105,13,16,'sherbrooke','quebec',1220,'no','no','no','yes','yes','myroombck.jpg');
Insert into MAD303P4.HOUSE (HOUSEID,CATEGORYID,HOUSENO,STREETNO,STREETNAME,PROVINCE,ZIPCODE,PETS,SMOKING,PARKING,UTILITIES,FURNISHED,IMAGE) values (5004,105,15,9,'jean talon','quebec',14213,'yes','yes','no','no','yes','myroombck.jpg');
Insert into MAD303P4.HOUSE (HOUSEID,CATEGORYID,HOUSENO,STREETNO,STREETNAME,PROVINCE,ZIPCODE,PETS,SMOKING,PARKING,UTILITIES,FURNISHED,IMAGE) values (5005,105,17,8,'bloom field','quebec',244213,'yes','yes','yes','yes','no','myroombck.jpg');
REM INSERTING into MAD303P4.POST_ADD
SET DEFINE OFF;
Insert into MAD303P4.POST_ADD (POSTID,USERID,HOUSEID,AVAILABILITY,PRICE,LOCATION,DESCRIPTION) values (111,1,1001,'Two room',550,'laval','Beautiful room for student ,near to bus stop and metro, and near to pharmacy ,fe
w steps shoping center .  Included: Heating, hot water, refrigerator and stove.');
Insert into MAD303P4.POST_ADD (POSTID,USERID,HOUSEID,AVAILABILITY,PRICE,LOCATION,DESCRIPTION) values (112,2,2002,'tHREE room',800,'lasalle','Located in a quiet area facing the river and bike path, laundry room, double sno
w removal entrance included. Free from February 1st. Included: Heating, hot water, refrigerator and stove. ');
Insert into MAD303P4.POST_ADD (POSTID,USERID,HOUSEID,AVAILABILITY,PRICE,LOCATION,DESCRIPTION) values (113,3,3003,'four bed room',850,'lasalle',' Included: Heating, hot water, refrigerator and stove. parking place if needed,near wlamart store ,bars ,hotels  ');
Insert into MAD303P4.POST_ADD (POSTID,USERID,HOUSEID,AVAILABILITY,PRICE,LOCATION,DESCRIPTION) values (114,4,4002,'four room',1000,'dorval','Included: Heating, hot water, refrigerator and stove. parking place if needed,near wlamart store ,bars ,hotels');
Insert into MAD303P4.POST_ADD (POSTID,USERID,HOUSEID,AVAILABILITY,PRICE,LOCATION,DESCRIPTION) values (115,5,5005,'one room',350,'dorval',' Included: Heating, hot water, refrigerator and stove. pets are not allowed  ,near walamart store ,bars ,hotels');
REM INSERTING into MAD303P4.REPORT_ADD
SET DEFINE OFF;
Insert into MAD303P4.REPORT_ADD (POSTID,USERID,COMMENTS,TIMESTAMP) values (111,1,'fake add',to_timestamp('10-FEB-18 06.23.34.000000000 AM','DD-MON-RR HH.MI.SSXFF AM'));
Insert into MAD303P4.REPORT_ADD (POSTID,USERID,COMMENTS,TIMESTAMP) values (112,2,'invalid add',to_timestamp('15-MAR-18 06.23.34.000000000 AM','DD-MON-RR HH.MI.SSXFF AM'));
Insert into MAD303P4.REPORT_ADD (POSTID,USERID,COMMENTS,TIMESTAMP) values (113,2,'not related',to_timestamp('17-MAY-15 06.23.34.000000000 AM','DD-MON-RR HH.MI.SSXFF AM'));
Insert into MAD303P4.REPORT_ADD (POSTID,USERID,COMMENTS,TIMESTAMP) values (114,3,'not useful',to_timestamp('15-MAR-18 06.23.34.000000000 AM','DD-MON-RR HH.MI.SSXFF AM'));
Insert into MAD303P4.REPORT_ADD (POSTID,USERID,COMMENTS,TIMESTAMP) values (115,4,'fraud',to_timestamp('18-FEB-18 06.23.34.000000000 AM','DD-MON-RR HH.MI.SSXFF AM'));
REM INSERTING into MAD303P4.REVIEW_ADD
SET DEFINE OFF;
Insert into MAD303P4.REVIEW_ADD (POSTID,USERID,RATINGS,COMMENTS,TIMESTAMP) values (111,1,100,'good area',to_timestamp('12-JUN-15 09.10.11.000000000 AM','DD-MON-RR HH.MI.SSXFF AM'));
Insert into MAD303P4.REVIEW_ADD (POSTID,USERID,RATINGS,COMMENTS,TIMESTAMP) values (112,2,50,'good',to_timestamp('18-FEB-18 06.25.34.000000000 AM','DD-MON-RR HH.MI.SSXFF AM'));
Insert into MAD303P4.REVIEW_ADD (POSTID,USERID,RATINGS,COMMENTS,TIMESTAMP) values (113,3,50,'good for student',to_timestamp('17-MAR-18 06.25.34.000000000 AM','DD-MON-RR HH.MI.SSXFF AM'));
Insert into MAD303P4.REVIEW_ADD (POSTID,USERID,RATINGS,COMMENTS,TIMESTAMP) values (114,4,107,'good for student',to_timestamp('18-MAR-18 05.25.34.000000000 AM','DD-MON-RR HH.MI.SSXFF AM'));
Insert into MAD303P4.REVIEW_ADD (POSTID,USERID,RATINGS,COMMENTS,TIMESTAMP) values (115,5,110,'good for student',to_timestamp('20-APR-18 08.25.34.000000000 AM','DD-MON-RR HH.MI.SSXFF AM'));
REM INSERTING into MAD303P4.SHARE_ADD
SET DEFINE OFF;
Insert into MAD303P4.SHARE_ADD (POSTID,USERID,USERSID,RATINGS,TIMESTAMP) values (111,1,5,45,to_timestamp('05-JAN-18 03.23.34.000000000 AM','DD-MON-RR HH.MI.SSXFF AM'));
Insert into MAD303P4.SHARE_ADD (POSTID,USERID,USERSID,RATINGS,TIMESTAMP) values (112,2,3,40,to_timestamp('10-JAN-18 04.23.34.000000000 AM','DD-MON-RR HH.MI.SSXFF AM'));
Insert into MAD303P4.SHARE_ADD (POSTID,USERID,USERSID,RATINGS,TIMESTAMP) values (113,2,4,1,to_timestamp('13-JAN-18 05.23.34.000000000 AM','DD-MON-RR HH.MI.SSXFF AM'));
Insert into MAD303P4.SHARE_ADD (POSTID,USERID,USERSID,RATINGS,TIMESTAMP) values (114,3,5,2,to_timestamp('12-JAN-18 05.23.34.000000000 AM','DD-MON-RR HH.MI.SSXFF AM'));
Insert into MAD303P4.SHARE_ADD (POSTID,USERID,USERSID,RATINGS,TIMESTAMP) values (115,4,2,30,to_timestamp('11-JAN-18 05.23.34.000000000 AM','DD-MON-RR HH.MI.SSXFF AM'));
REM INSERTING into MAD303P4.USERS
SET DEFINE OFF;
Insert into MAD303P4.USERS (USERID,FNAME,LNAME,PHONENO,EMAILID,PASSWORD,DOB) values (10,'test','testl',null,'test@test.com',123456,null);
Insert into MAD303P4.USERS (USERID,FNAME,LNAME,PHONENO,EMAILID,PASSWORD,DOB) values (11,'test1','testl',null,'test1@test.com',123456,null);
Insert into MAD303P4.USERS (USERID,FNAME,LNAME,PHONENO,EMAILID,PASSWORD,DOB) values (13,'test','testnn',1234569870,'testnn@test.com',123456,null);
Insert into MAD303P4.USERS (USERID,FNAME,LNAME,PHONENO,EMAILID,PASSWORD,DOB) values (18,'test','testnn',1234569870,'testnmn@test.com',123456,to_date('19-MAR-18','DD-MON-RR'));
Insert into MAD303P4.USERS (USERID,FNAME,LNAME,PHONENO,EMAILID,PASSWORD,DOB) values (19,'test','testnn',1234569870,'testnmmn@test.com',123456,to_date('19-MAR-18','DD-MON-RR'));
Insert into MAD303P4.USERS (USERID,FNAME,LNAME,PHONENO,EMAILID,PASSWORD,DOB) values (20,'test','testnn',1234569870,'testnvvmmn@test.com',123456,to_date('19-MAR-18','DD-MON-RR'));
Insert into MAD303P4.USERS (USERID,FNAME,LNAME,PHONENO,EMAILID,PASSWORD,DOB) values (15,'testfdfd','testnnn',1238569870,'testnnn@test.com',123456,to_date('10-MAR-90','DD-MON-RR'));
Insert into MAD303P4.USERS (USERID,FNAME,LNAME,PHONENO,EMAILID,PASSWORD,DOB) values (22,'test','testnkn',1234569870,'testnvvmmn@tevst.com',123456,to_date('19-MAR-18','DD-MON-RR'));
Insert into MAD303P4.USERS (USERID,FNAME,LNAME,PHONENO,EMAILID,PASSWORD,DOB) values (26,'test','testn',1234569870,'testmna@gmail.com',123456,to_date('19-MAR-18','DD-MON-RR'));
Insert into MAD303P4.USERS (USERID,FNAME,LNAME,PHONENO,EMAILID,PASSWORD,DOB) values (1,'simranjot','kaur',5145879456,'jot',123,to_date('13-MAR-90','DD-MON-RR'));
Insert into MAD303P4.USERS (USERID,FNAME,LNAME,PHONENO,EMAILID,PASSWORD,DOB) values (2,'Gurfree','Singh',5140000,'gurfree@gmal.com',0,to_date('05-DEC-91','DD-MON-RR'));
Insert into MAD303P4.USERS (USERID,FNAME,LNAME,PHONENO,EMAILID,PASSWORD,DOB) values (3,'arsh','Singh',51412041,'arsh@gmal.com',0,to_date('11-DEC-91','DD-MON-RR'));
Insert into MAD303P4.USERS (USERID,FNAME,LNAME,PHONENO,EMAILID,PASSWORD,DOB) values (5,'diyansh','khujuria',5145745321,'div@gmal.com',1234456,to_date('18-JAN-90','DD-MON-RR'));
Insert into MAD303P4.USERS (USERID,FNAME,LNAME,PHONENO,EMAILID,PASSWORD,DOB) values (4,'jasleen','kaur',5145879132,'jas@gmal.com',123456,to_date('12-SEP-92','DD-MON-RR'));
Insert into MAD303P4.USERS (USERID,FNAME,LNAME,PHONENO,EMAILID,PASSWORD,DOB) values (12,'rrr&bbb&rr@rr.com','1234567890',null,'08-Mar-95',123456,null);
Insert into MAD303P4.USERS (USERID,FNAME,LNAME,PHONENO,EMAILID,PASSWORD,DOB) values (16,'Rahul','Bhardwaj',9017676094,'rahul@g.com',123456,to_date('18-DEC-90','DD-MON-RR'));
Insert into MAD303P4.USERS (USERID,FNAME,LNAME,PHONENO,EMAILID,PASSWORD,DOB) values (25,'test','testn',1234569870,'testmn@gmail.com',123456,to_date('19-MAR-18','DD-MON-RR'));
--------------------------------------------------------
--  DDL for Index SYS_C0013120
--------------------------------------------------------

  CREATE UNIQUE INDEX "MAD303P4"."SYS_C0013120" ON "MAD303P4"."USERS" ("USERID") 
  PCTFREE 10 INITRANS 2 MAXTRANS 255 COMPUTE STATISTICS 
  STORAGE(INITIAL 65536 NEXT 1048576 MINEXTENTS 1 MAXEXTENTS 2147483645
  PCTINCREASE 0 FREELISTS 1 FREELIST GROUPS 1 BUFFER_POOL DEFAULT)
  TABLESPACE "USERS" ;
--------------------------------------------------------
--  DDL for Index SYS_C0013121
--------------------------------------------------------

  CREATE UNIQUE INDEX "MAD303P4"."SYS_C0013121" ON "MAD303P4"."USERS" ("EMAILID", "PHONENO") 
  PCTFREE 10 INITRANS 2 MAXTRANS 255 COMPUTE STATISTICS 
  STORAGE(INITIAL 65536 NEXT 1048576 MINEXTENTS 1 MAXEXTENTS 2147483645
  PCTINCREASE 0 FREELISTS 1 FREELIST GROUPS 1 BUFFER_POOL DEFAULT)
  TABLESPACE "USERS" ;
--------------------------------------------------------
--  DDL for Index SYS_C0013122
--------------------------------------------------------

  CREATE UNIQUE INDEX "MAD303P4"."SYS_C0013122" ON "MAD303P4"."CATEGORY" ("CATEGORYID") 
  PCTFREE 10 INITRANS 2 MAXTRANS 255 COMPUTE STATISTICS 
  STORAGE(INITIAL 65536 NEXT 1048576 MINEXTENTS 1 MAXEXTENTS 2147483645
  PCTINCREASE 0 FREELISTS 1 FREELIST GROUPS 1 BUFFER_POOL DEFAULT)
  TABLESPACE "USERS" ;
--------------------------------------------------------
--  DDL for Index SYS_C0013128
--------------------------------------------------------

  CREATE UNIQUE INDEX "MAD303P4"."SYS_C0013128" ON "MAD303P4"."HOUSE" ("HOUSEID") 
  PCTFREE 10 INITRANS 2 MAXTRANS 255 COMPUTE STATISTICS 
  STORAGE(INITIAL 65536 NEXT 1048576 MINEXTENTS 1 MAXEXTENTS 2147483645
  PCTINCREASE 0 FREELISTS 1 FREELIST GROUPS 1 BUFFER_POOL DEFAULT)
  TABLESPACE "USERS" ;
--------------------------------------------------------
--  DDL for Index SYS_C0013132
--------------------------------------------------------

  CREATE UNIQUE INDEX "MAD303P4"."SYS_C0013132" ON "MAD303P4"."POST_ADD" ("POSTID") 
  PCTFREE 10 INITRANS 2 MAXTRANS 255 COMPUTE STATISTICS 
  STORAGE(INITIAL 65536 NEXT 1048576 MINEXTENTS 1 MAXEXTENTS 2147483645
  PCTINCREASE 0 FREELISTS 1 FREELIST GROUPS 1 BUFFER_POOL DEFAULT)
  TABLESPACE "USERS" ;
--------------------------------------------------------
--  DDL for Index SYS_C0013135
--------------------------------------------------------

  CREATE UNIQUE INDEX "MAD303P4"."SYS_C0013135" ON "MAD303P4"."REVIEW_ADD" ("POSTID", "USERID") 
  PCTFREE 10 INITRANS 2 MAXTRANS 255 COMPUTE STATISTICS 
  STORAGE(INITIAL 65536 NEXT 1048576 MINEXTENTS 1 MAXEXTENTS 2147483645
  PCTINCREASE 0 FREELISTS 1 FREELIST GROUPS 1 BUFFER_POOL DEFAULT)
  TABLESPACE "USERS" ;
--------------------------------------------------------
--  DDL for Index SYS_C0013138
--------------------------------------------------------

  CREATE UNIQUE INDEX "MAD303P4"."SYS_C0013138" ON "MAD303P4"."SHARE_ADD" ("POSTID", "USERID", "USERSID") 
  PCTFREE 10 INITRANS 2 MAXTRANS 255 COMPUTE STATISTICS 
  STORAGE(INITIAL 65536 NEXT 1048576 MINEXTENTS 1 MAXEXTENTS 2147483645
  PCTINCREASE 0 FREELISTS 1 FREELIST GROUPS 1 BUFFER_POOL DEFAULT)
  TABLESPACE "USERS" ;
--------------------------------------------------------
--  DDL for Index SYS_C0013142
--------------------------------------------------------

  CREATE UNIQUE INDEX "MAD303P4"."SYS_C0013142" ON "MAD303P4"."REPORT_ADD" ("POSTID", "USERID") 
  PCTFREE 10 INITRANS 2 MAXTRANS 255 COMPUTE STATISTICS 
  STORAGE(INITIAL 65536 NEXT 1048576 MINEXTENTS 1 MAXEXTENTS 2147483645
  PCTINCREASE 0 FREELISTS 1 FREELIST GROUPS 1 BUFFER_POOL DEFAULT)
  TABLESPACE "USERS" ;
--------------------------------------------------------
--  Constraints for Table CATEGORY
--------------------------------------------------------

  ALTER TABLE "MAD303P4"."CATEGORY" ADD PRIMARY KEY ("CATEGORYID")
  USING INDEX PCTFREE 10 INITRANS 2 MAXTRANS 255 COMPUTE STATISTICS 
  STORAGE(INITIAL 65536 NEXT 1048576 MINEXTENTS 1 MAXEXTENTS 2147483645
  PCTINCREASE 0 FREELISTS 1 FREELIST GROUPS 1 BUFFER_POOL DEFAULT)
  TABLESPACE "USERS"  ENABLE;
--------------------------------------------------------
--  Constraints for Table HOUSE
--------------------------------------------------------

  ALTER TABLE "MAD303P4"."HOUSE" ADD PRIMARY KEY ("HOUSEID")
  USING INDEX PCTFREE 10 INITRANS 2 MAXTRANS 255 COMPUTE STATISTICS 
  STORAGE(INITIAL 65536 NEXT 1048576 MINEXTENTS 1 MAXEXTENTS 2147483645
  PCTINCREASE 0 FREELISTS 1 FREELIST GROUPS 1 BUFFER_POOL DEFAULT)
  TABLESPACE "USERS"  ENABLE;
 
  ALTER TABLE "MAD303P4"."HOUSE" ADD CHECK (furnished='no' or furnished ='yes') ENABLE;
 
  ALTER TABLE "MAD303P4"."HOUSE" ADD CHECK (utilities='no' or utilities ='yes') ENABLE;
 
  ALTER TABLE "MAD303P4"."HOUSE" ADD CHECK (parking='no' or parking ='yes') ENABLE;
 
  ALTER TABLE "MAD303P4"."HOUSE" ADD CHECK (smoking='no' or smoking ='yes') ENABLE;
 
  ALTER TABLE "MAD303P4"."HOUSE" ADD CHECK (pets='no' or pets ='yes') ENABLE;
--------------------------------------------------------
--  Constraints for Table POST_ADD
--------------------------------------------------------

  ALTER TABLE "MAD303P4"."POST_ADD" ADD PRIMARY KEY ("POSTID")
  USING INDEX PCTFREE 10 INITRANS 2 MAXTRANS 255 COMPUTE STATISTICS 
  STORAGE(INITIAL 65536 NEXT 1048576 MINEXTENTS 1 MAXEXTENTS 2147483645
  PCTINCREASE 0 FREELISTS 1 FREELIST GROUPS 1 BUFFER_POOL DEFAULT)
  TABLESPACE "USERS"  ENABLE;
 
  ALTER TABLE "MAD303P4"."POST_ADD" ADD CHECK (price>=0) ENABLE;
 
  ALTER TABLE "MAD303P4"."POST_ADD" MODIFY ("PRICE" NOT NULL ENABLE);
--------------------------------------------------------
--  Constraints for Table REPORT_ADD
--------------------------------------------------------

  ALTER TABLE "MAD303P4"."REPORT_ADD" ADD PRIMARY KEY ("POSTID", "USERID")
  USING INDEX PCTFREE 10 INITRANS 2 MAXTRANS 255 COMPUTE STATISTICS 
  STORAGE(INITIAL 65536 NEXT 1048576 MINEXTENTS 1 MAXEXTENTS 2147483645
  PCTINCREASE 0 FREELISTS 1 FREELIST GROUPS 1 BUFFER_POOL DEFAULT)
  TABLESPACE "USERS"  ENABLE;
--------------------------------------------------------
--  Constraints for Table REVIEW_ADD
--------------------------------------------------------

  ALTER TABLE "MAD303P4"."REVIEW_ADD" ADD PRIMARY KEY ("POSTID", "USERID")
  USING INDEX PCTFREE 10 INITRANS 2 MAXTRANS 255 COMPUTE STATISTICS 
  STORAGE(INITIAL 65536 NEXT 1048576 MINEXTENTS 1 MAXEXTENTS 2147483645
  PCTINCREASE 0 FREELISTS 1 FREELIST GROUPS 1 BUFFER_POOL DEFAULT)
  TABLESPACE "USERS"  ENABLE;
--------------------------------------------------------
--  Constraints for Table SHARE_ADD
--------------------------------------------------------

  ALTER TABLE "MAD303P4"."SHARE_ADD" ADD PRIMARY KEY ("POSTID", "USERID", "USERSID")
  USING INDEX PCTFREE 10 INITRANS 2 MAXTRANS 255 COMPUTE STATISTICS 
  STORAGE(INITIAL 65536 NEXT 1048576 MINEXTENTS 1 MAXEXTENTS 2147483645
  PCTINCREASE 0 FREELISTS 1 FREELIST GROUPS 1 BUFFER_POOL DEFAULT)
  TABLESPACE "USERS"  ENABLE;
--------------------------------------------------------
--  Constraints for Table USERS
--------------------------------------------------------

  ALTER TABLE "MAD303P4"."USERS" ADD UNIQUE ("EMAILID", "PHONENO")
  USING INDEX PCTFREE 10 INITRANS 2 MAXTRANS 255 COMPUTE STATISTICS 
  STORAGE(INITIAL 65536 NEXT 1048576 MINEXTENTS 1 MAXEXTENTS 2147483645
  PCTINCREASE 0 FREELISTS 1 FREELIST GROUPS 1 BUFFER_POOL DEFAULT)
  TABLESPACE "USERS"  ENABLE;
 
  ALTER TABLE "MAD303P4"."USERS" ADD PRIMARY KEY ("USERID")
  USING INDEX PCTFREE 10 INITRANS 2 MAXTRANS 255 COMPUTE STATISTICS 
  STORAGE(INITIAL 65536 NEXT 1048576 MINEXTENTS 1 MAXEXTENTS 2147483645
  PCTINCREASE 0 FREELISTS 1 FREELIST GROUPS 1 BUFFER_POOL DEFAULT)
  TABLESPACE "USERS"  ENABLE;
 
  ALTER TABLE "MAD303P4"."USERS" MODIFY ("LNAME" NOT NULL ENABLE);
 
  ALTER TABLE "MAD303P4"."USERS" MODIFY ("FNAME" NOT NULL ENABLE);
 
  ALTER TABLE "MAD303P4"."USERS" MODIFY ("EMAILID" NOT NULL ENABLE);
--------------------------------------------------------
--  Ref Constraints for Table HOUSE
--------------------------------------------------------

  ALTER TABLE "MAD303P4"."HOUSE" ADD FOREIGN KEY ("CATEGORYID")
	  REFERENCES "MAD303P4"."CATEGORY" ("CATEGORYID") ENABLE;
--------------------------------------------------------
--  Ref Constraints for Table POST_ADD
--------------------------------------------------------

  ALTER TABLE "MAD303P4"."POST_ADD" ADD FOREIGN KEY ("USERID")
	  REFERENCES "MAD303P4"."USERS" ("USERID") ENABLE;
 
  ALTER TABLE "MAD303P4"."POST_ADD" ADD FOREIGN KEY ("HOUSEID")
	  REFERENCES "MAD303P4"."HOUSE" ("HOUSEID") ENABLE;
--------------------------------------------------------
--  Ref Constraints for Table REPORT_ADD
--------------------------------------------------------

  ALTER TABLE "MAD303P4"."REPORT_ADD" ADD FOREIGN KEY ("USERID")
	  REFERENCES "MAD303P4"."USERS" ("USERID") ENABLE;
 
  ALTER TABLE "MAD303P4"."REPORT_ADD" ADD FOREIGN KEY ("POSTID")
	  REFERENCES "MAD303P4"."POST_ADD" ("POSTID") ENABLE;
--------------------------------------------------------
--  Ref Constraints for Table REVIEW_ADD
--------------------------------------------------------

  ALTER TABLE "MAD303P4"."REVIEW_ADD" ADD FOREIGN KEY ("USERID")
	  REFERENCES "MAD303P4"."USERS" ("USERID") ENABLE;
 
  ALTER TABLE "MAD303P4"."REVIEW_ADD" ADD FOREIGN KEY ("POSTID")
	  REFERENCES "MAD303P4"."POST_ADD" ("POSTID") ENABLE;
--------------------------------------------------------
--  Ref Constraints for Table SHARE_ADD
--------------------------------------------------------

  ALTER TABLE "MAD303P4"."SHARE_ADD" ADD FOREIGN KEY ("USERID")
	  REFERENCES "MAD303P4"."USERS" ("USERID") ENABLE;
 
  ALTER TABLE "MAD303P4"."SHARE_ADD" ADD FOREIGN KEY ("POSTID")
	  REFERENCES "MAD303P4"."POST_ADD" ("POSTID") ENABLE;
